{
  "cv_best_params": {
    "clf__C": 10.0,
    "clf__penalty": "l2",
    "clf__solver": "lbfgs"
  },
  "cv_best_score": 0.9963636363636365,
  "test_accuracy": 0.9855072463768116,
  "classification_report": {
    "Adelie": {
      "precision": 1.0,
      "recall": 0.9666666666666667,
      "f1-score": 0.9830508474576272,
      "support": 30.0
    },
    "Chinstrap": {
      "precision": 0.9333333333333333,
      "recall": 1.0,
      "f1-score": 0.9655172413793104,
      "support": 14.0
    },
    "Gentoo": {
      "precision": 1.0,
      "recall": 1.0,
      "f1-score": 1.0,
      "support": 25.0
    },
    "accuracy": 0.9855072463768116,
    "macro avg": {
      "precision": 0.9777777777777779,
      "recall": 0.9888888888888889,
      "f1-score": 0.9828560296123126,
      "support": 69.0
    },
    "weighted avg": {
      "precision": 0.9864734299516907,
      "recall": 0.9855072463768116,
      "f1-score": 0.9856343014933212,
      "support": 69.0
    }
  },
  "confusion_matrix": [
    [
      29,
      1,
      0
    ],
    [
      0,
      14,
      0
    ],
    [
      0,
      0,
      25
    ]
  ]
}