Type,Name,Request Count,Failure Count,Median Response Time,Average Response Time,Min Response Time,Max Response Time,Average Content Size,Requests/s,Failures/s,50%,66%,75%,80%,90%,95%,98%,99%,99.9%,99.99%,100%
GET,/,2450,0,530.0,537.1162083722414,2.144790999864199,1160.7468340002924,64.0,20.466325177813818,0.0,530,630,680,720,830,910,990,1100,1100,1200,1200
GET,/health,5936,172,550.0,6782.059632609837,1.1587080002755101,116630.64767800007,223.3355795148248,49.58698214510319,1.436819563503664,560,670,760,830,1100,60000,107000,107000,116000,117000,117000
POST,/predict,113150,123,520.0,784.7876182718081,2.235417000065354,109226.38888200026,109.01479452054795,945.2100791304626,1.0274930599473877,520,610,680,710,810,890,970,1000,105000,109000,109000
,Aggregated,121536,295,520.0,1072.7106346855173,1.1587080002755101,116630.64767800007,113.69095576619273,1015.2633864533797,2.4643126234510517,520,620,680,720,820,900,1000,1100,107000,114000,117000
