Type,Name,Request Count,Failure Count,Median Response Time,Average Response Time,Min Response Time,Max Response Time,Average Content Size,Requests/s,Failures/s,50%,66%,75%,80%,90%,95%,98%,99%,99.9%,99.99%,100%
GET,/,628,39,790.0,2063.6518328773914,4.42741599999863,62446.311402999985,60.02547770700637,5.244727785245709,0.3257076172365966,790,940,1000,1100,1300,15000,28000,28000,62000,62000,62000
GET,/health,2810,1384,16000.0,17594.267491857296,1.102041999956782,113456.96880199989,116.71886120996442,23.467651395765035,11.558444673216657,16000,20000,21000,30000,55000,69000,69000,81000,111000,113000,113000
POST,/predict,31028,3720,810.0,4043.1570785467975,2.924875000189786,119670.92251400003,96.25122470027073,259.1296396824902,31.067495797952287,810,950,1000,1100,14000,28000,55000,68000,84000,117000,120000
,Aggregated,34466,5143,820.0,5111.905728437186,1.102041999956782,119670.92251400003,97.25987930134045,287.8420188635009,42.95164808840554,820,980,1100,1200,18000,30000,65000,69000,97000,117000,120000
