Type,Name,Request Count,Failure Count,Median Response Time,Average Response Time,Min Response Time,Max Response Time,Average Content Size,Requests/s,Failures/s,50%,66%,75%,80%,90%,95%,98%,99%,99.9%,99.99%,100%
GET,/,1425,35,420.0,1006.4279217810536,5.856875000063155,54721.47910900003,62.4280701754386,11.915025979849325,0.2926497609085799,420,500,550,590,680,760,15000,25000,55000,55000,55000
GET,/health,4581,1265,550.0,14397.261046662741,4.2763339999964955,111730.62696800003,166.48766644837372,38.30367299206299,10.577198501410104,550,15000,18000,21000,50000,77000,110000,112000,112000,112000,112000
POST,/predict,62676,2901,390.0,1942.5229183782792,2.6850000001559238,118538.03180399995,104.12647584402323,524.0604689916045,24.256484468451152,390,470,530,570,690,940,25000,38000,112000,116000,119000
,Aggregated,68682,4201,400.0,2753.8158334873337,2.6850000001559238,118538.03180399995,107.42073614629743,574.2791679635168,35.12633273076984,400,480,540,590,740,17000,32000,55000,112000,116000,119000
